altOfDetection_km,vert_wavelength_km,horiz_wavelength_km,propagation_dir,axial_ratio,int_vert_group vel_ms),int_horiz_group_vel_ms,int_vert_phase_spd_ms,int_horiz_phase_spd_ms),degreeofpolarization,stokes_param_Q
13.2309779845155,0.287264211743178,58.1521507060643,204.236398474367,1.35326908010992,-0.00275215015597444,0.557129792342624,0.00606266019382895,1.22729081750842,0.819108612063438,0.0795123247827015
13.594,0.6243,57.992,19.126,2.2449,-0.01752,1.6275,0.021857,2.0303,0.8722,-0.26437
19.751,1.5424,112.22,3.4611,3.1093,-0.067059,4.8787,0.074795,5.4416,0.9798,-1.7693
