altOfDetection_km,vert_wavelength_km,horiz_wavelength_km,propagation_dir,axial_ratio,int_vert_group vel_ms),int_horiz_group_vel_ms,int_vert_phase_spd_ms,int_horiz_phase_spd_ms),degreeofpolarization,stokes_param_Q
24.6250804195804,0.633439498965866,177.18276371901,209.106312913025,1.12907311466762,-0.00240440147206683,0.672548046982172,0.0111538487632481,3.11990293185469,0.634738246361976,0.10311691447082
24.625,0.63048,1220.9,208.64,1.0029,-5.6216e-05,0.10886,0.0098607,19.095,0.62446,0.10261
