altOfDetection_km,vert_wavelength_km,horiz_wavelength_km,propagation_dir,axial_ratio,int_vert_group vel_ms),int_horiz_group_vel_ms,int_vert_phase_spd_ms,int_horiz_phase_spd_ms),degreeofpolarization,stokes_param_Q
19.4107856290174,1.06258485396135,132.791376015205,150.214137297389,1.85859363671821,-0.0218835012352692,2.73478417298007,0.030799637964012,3.84903501189945,0.837090563891492,-0.489635212382807
19.122,2.7201,34.519,158.77,15.308,-0.64659,8.2056,0.64936,8.2408,0.86411,-0.34885
23.72,0.62912,121.26,221.39,1.4853,-0.0079675,1.5357,0.014573,2.809,0.77604,-0.16738
23.817,1.3393,173.07,168.81,2.0043,-0.031445,4.0633,0.041866,5.4099,0.93318,-0.51996
26.908,0.67142,279.04,164.63,1.1545,-0.003019,1.2547,0.012089,5.024,0.88828,-0.10275
30.724,0.48415,5.289,-43.994,26.682,-0.20118,2.1977,0.20146,2.2008,0.69622,-0.16509
