altOfDetection_km,vert_wavelength_km,horiz_wavelength_km,propagation_dir,axial_ratio,int_vert_group vel_ms),int_horiz_group_vel_ms,int_vert_phase_spd_ms,int_horiz_phase_spd_ms),degreeofpolarization,stokes_param_Q
15.9860824135666,2.04336778900828,756.37383567829,155.488634833313,1.10525074203042,-0.00638869665687815,2.36484250233447,0.0352212611635416,13.0375160786029,0.901148621824771,-1.21959224933171
22.404,0.49976,242.39,218.59,1.0833,-0.0012484,0.60545,0.0084432,4.0949,0.56034,-0.11435
