altOfDetection_km,vert_wavelength_km,horiz_wavelength_km,propagation_dir,axial_ratio,int_vert_group vel_ms),int_horiz_group_vel_ms,int_vert_phase_spd_ms,int_horiz_phase_spd_ms),degreeofpolarization,stokes_param_Q
21.3990983505946,1.79148633474177,191.208599214033,-39.2243679883506,2.18407558673485,-0.0482287688450892,5.14754433447362,0.0610209140306853,6.51287328755936,0.882561006325399,-0.135537055124045
20.634,0.51229,25.031,38.839,4.1647,-0.031355,1.532,0.033273,1.6258,0.95209,-0.084422
24.304,0.88256,28.281,-32.241,7.1628,-0.096667,3.0976,0.098589,3.1592,0.75137,-0.33458
