altOfDetection_km,vert_wavelength_km,horiz_wavelength_km,propagation_dir,axial_ratio,int_vert_group vel_ms),int_horiz_group_vel_ms,int_vert_phase_spd_ms,int_horiz_phase_spd_ms),degreeofpolarization,stokes_param_Q
18.3793957608876,0.630357380989384,59.0417565373417,-38.8067733541452,2.18894901326203,-0.0170278394813839,1.59489455241857,0.0215188982812216,2.01554481884159,0.744750105359119,0.105277927931573
18.932,0.39212,181.21,10.895,1.083,-0.00097666,0.45135,0.0066231,3.0608,0.90142,-0.17173
